xmin,ymin,xmax,ymax,class,name,scores,filename
111,59,140,116,1,with_mask,0.9975464,maksssksksss535.png
423,78,441,108,1,with_mask,0.99687815,maksssksksss535.png
380,64,395,93,1,with_mask,0.9967294,maksssksksss535.png
52,70,69,103,1,with_mask,0.994852,maksssksksss535.png
279,89,289,107,2,without_mask,0.96698236,maksssksksss535.png
329,95,338,113,2,without_mask,0.92741615,maksssksksss535.png
149,96,155,107,1,with_mask,0.85009116,maksssksksss535.png
169,100,175,113,1,with_mask,0.82341576,maksssksksss535.png
340,94,347,109,1,with_mask,0.53205025,maksssksksss535.png
35,79,41,96,2,without_mask,0.5155906,maksssksksss535.png
270,94,276,107,1,with_mask,0.22538167,maksssksksss535.png
156,91,162,103,1,with_mask,0.19902925,maksssksksss535.png
181,93,189,105,1,with_mask,0.17855063,maksssksksss535.png
35,79,41,96,1,with_mask,0.14291108,maksssksksss535.png
271,93,277,107,2,without_mask,0.06589575,maksssksksss535.png
339,94,347,110,2,without_mask,0.059657596,maksssksksss535.png
142,232,302,401,2,without_mask,0.9955532,maksssksksss154.png
199,55,270,93,1,with_mask,0.94806576,maksssksksss741.png
213,265,399,439,2,without_mask,0.9952891,maksssksksss218.png
220,121,301,275,1,with_mask,0.99793303,maksssksksss397.png
46,93,90,193,1,with_mask,0.9967325,maksssksksss397.png
364,106,428,227,1,with_mask,0.99643826,maksssksksss397.png
283,0,333,115,1,with_mask,0.9761889,maksssksksss397.png
263,178,306,250,1,with_mask,0.9980665,maksssksksss104.png
156,192,209,274,1,with_mask,0.99619955,maksssksksss104.png
364,235,396,282,2,without_mask,0.99301356,maksssksksss104.png
35,158,53,187,2,without_mask,0.9929491,maksssksksss104.png
49,197,78,251,2,without_mask,0.992785,maksssksksss104.png
199,162,214,195,2,without_mask,0.9859585,maksssksksss104.png
3,190,25,225,2,without_mask,0.97697306,maksssksksss104.png
99,150,114,174,2,without_mask,0.93502903,maksssksksss104.png
136,155,152,183,2,without_mask,0.74929976,maksssksksss104.png
98,161,114,204,1,with_mask,0.720925,maksssksksss104.png
354,125,379,165,1,with_mask,0.45002368,maksssksksss104.png
100,194,111,210,2,without_mask,0.29643682,maksssksksss104.png
236,156,248,173,2,without_mask,0.22562097,maksssksksss104.png
352,156,362,177,1,with_mask,0.17003833,maksssksksss104.png
236,157,247,177,1,with_mask,0.12048917,maksssksksss104.png
125,160,138,193,2,without_mask,0.08798746,maksssksksss104.png
128,164,138,193,1,with_mask,0.082053676,maksssksksss104.png
408,158,414,174,2,without_mask,0.053161334,maksssksksss104.png
425,181,453,224,1,with_mask,0.05056617,maksssksksss104.png
166,277,303,411,1,with_mask,0.9949464,maksssksksss355.png
48,89,87,156,1,with_mask,0.99564445,maksssksksss452.png
155,108,187,159,1,with_mask,0.99553716,maksssksksss452.png
327,133,360,186,1,with_mask,0.9955128,maksssksksss452.png
362,242,398,305,1,with_mask,0.99850154,maksssksksss444.png
415,298,459,367,1,with_mask,0.99574345,maksssksksss444.png
295,269,335,344,1,with_mask,0.98751044,maksssksksss444.png
125,290,144,336,2,without_mask,0.8055566,maksssksksss444.png
31,223,43,245,2,without_mask,0.45470205,maksssksksss444.png
199,267,221,296,1,with_mask,0.42896944,maksssksksss444.png
87,260,93,278,2,without_mask,0.22532173,maksssksksss444.png
200,250,220,280,1,with_mask,0.06945783,maksssksksss444.png
87,260,93,279,1,with_mask,0.057670694,maksssksksss444.png
378,70,398,106,1,with_mask,0.9984717,maksssksksss661.png
210,97,226,127,1,with_mask,0.99787927,maksssksksss661.png
420,183,460,252,1,with_mask,0.9976757,maksssksksss661.png
79,105,98,134,1,with_mask,0.99747425,maksssksksss661.png
245,71,259,93,1,with_mask,0.99594754,maksssksksss661.png
17,115,36,149,1,with_mask,0.99542195,maksssksksss661.png
317,154,345,208,1,with_mask,0.9946227,maksssksksss661.png
187,99,205,133,1,with_mask,0.9945345,maksssksksss661.png
235,114,255,149,1,with_mask,0.99441284,maksssksksss661.png
262,146,287,192,1,with_mask,0.9943528,maksssksksss661.png
372,144,400,185,1,with_mask,0.99212086,maksssksksss661.png
119,105,134,139,1,with_mask,0.9912636,maksssksksss661.png
227,93,240,120,1,with_mask,0.9880639,maksssksksss661.png
393,107,409,131,1,with_mask,0.93698496,maksssksksss661.png
312,83,332,124,1,with_mask,0.5303296,maksssksksss661.png
315,69,333,100,2,without_mask,0.41208968,maksssksksss661.png
315,68,334,100,1,with_mask,0.3554107,maksssksksss661.png
33,346,55,391,1,with_mask,0.22562471,maksssksksss661.png
314,79,332,109,2,without_mask,0.17859931,maksssksksss661.png
53,33,58,43,1,with_mask,0.113395,maksssksksss661.png
37,371,51,390,2,without_mask,0.08473301,maksssksksss661.png
235,169,289,258,1,with_mask,0.9976998,maksssksksss625.png
119,121,148,173,1,with_mask,0.99485403,maksssksksss181.png
325,90,366,168,2,without_mask,0.9941245,maksssksksss181.png
83,121,110,176,1,with_mask,0.99307525,maksssksksss181.png
213,33,283,80,1,with_mask,0.8471671,maksssksksss337.png
213,35,282,79,2,without_mask,0.23148131,maksssksksss337.png
418,5,480,84,2,without_mask,0.107408114,maksssksksss337.png
194,11,285,71,1,with_mask,0.059001766,maksssksksss337.png
159,148,331,340,1,with_mask,0.9977138,maksssksksss643.png
160,222,184,266,1,with_mask,0.99663866,maksssksksss606.png
269,184,306,242,1,with_mask,0.99560803,maksssksksss606.png
389,173,396,186,1,with_mask,0.8917671,maksssksksss606.png
101,282,107,297,1,with_mask,0.89084095,maksssksksss606.png
83,334,96,359,1,with_mask,0.12673815,maksssksksss606.png
52,367,59,379,1,with_mask,0.06576411,maksssksksss606.png
205,175,212,189,1,with_mask,0.058411464,maksssksksss606.png
193,223,341,374,1,with_mask,0.99709845,maksssksksss107.png
125,212,134,228,1,with_mask,0.99651694,maksssksksss753.png
237,245,283,313,1,with_mask,0.9952312,maksssksksss753.png
231,210,241,227,1,with_mask,0.99375856,maksssksksss753.png
10,206,18,222,1,with_mask,0.98991394,maksssksksss753.png
203,207,211,225,1,with_mask,0.9859657,maksssksksss753.png
121,199,135,220,1,with_mask,0.91174656,maksssksksss753.png
307,215,317,234,1,with_mask,0.8721547,maksssksksss753.png
113,220,117,232,1,with_mask,0.7957761,maksssksksss753.png
327,213,334,227,1,with_mask,0.6695632,maksssksksss753.png
422,183,430,197,1,with_mask,0.6379654,maksssksksss753.png
177,222,183,236,1,with_mask,0.6062731,maksssksksss753.png
421,208,428,224,2,without_mask,0.5794665,maksssksksss753.png
448,211,452,224,1,with_mask,0.55550337,maksssksksss753.png
454,175,461,187,2,without_mask,0.52260506,maksssksksss753.png
229,202,241,224,1,with_mask,0.43850815,maksssksksss753.png
84,211,91,223,1,with_mask,0.39386582,maksssksksss753.png
414,154,421,168,1,with_mask,0.32992673,maksssksksss753.png
363,214,372,232,2,without_mask,0.31105438,maksssksksss753.png
160,206,170,224,2,without_mask,0.29430705,maksssksksss753.png
423,207,429,224,1,with_mask,0.19352376,maksssksksss753.png
85,208,91,220,2,without_mask,0.19007485,maksssksksss753.png
349,224,355,237,1,with_mask,0.17568538,maksssksksss753.png
111,220,116,232,1,with_mask,0.12559965,maksssksksss753.png
199,205,205,222,2,without_mask,0.117178395,maksssksksss753.png
417,201,429,222,1,with_mask,0.11088899,maksssksksss753.png
327,211,334,225,2,without_mask,0.10815874,maksssksksss753.png
326,211,333,224,1,with_mask,0.10719135,maksssksksss753.png
454,176,460,188,1,with_mask,0.10241831,maksssksksss753.png
364,213,376,236,2,without_mask,0.085491866,maksssksksss753.png
201,205,209,224,1,with_mask,0.067873865,maksssksksss753.png
363,214,373,234,1,with_mask,0.06228072,maksssksksss753.png
160,208,170,228,1,with_mask,0.05369877,maksssksksss753.png
420,209,428,225,1,with_mask,0.052301742,maksssksksss753.png
422,183,430,196,2,without_mask,0.05187277,maksssksksss753.png
83,207,91,220,1,with_mask,0.051179435,maksssksksss753.png
252,166,266,190,1,with_mask,0.99707925,maksssksksss722.png
116,146,133,179,1,with_mask,0.9968976,maksssksksss722.png
369,157,385,182,1,with_mask,0.9968418,maksssksksss722.png
292,168,300,184,1,with_mask,0.9952813,maksssksksss722.png
207,141,229,182,1,with_mask,0.99521625,maksssksksss722.png
322,156,341,186,1,with_mask,0.9949597,maksssksksss722.png
51,140,77,183,1,with_mask,0.99418384,maksssksksss722.png
188,149,201,175,1,with_mask,0.9914699,maksssksksss722.png
25,158,42,189,1,with_mask,0.9901174,maksssksksss722.png
187,172,300,323,1,with_mask,0.9967271,maksssksksss398.png
270,119,310,230,1,with_mask,0.9991812,maksssksksss1.png
383,109,421,215,1,with_mask,0.99858874,maksssksksss1.png
99,176,133,270,2,without_mask,0.99375325,maksssksksss1.png
24,229,50,289,1,with_mask,0.99182045,maksssksksss1.png
233,209,258,270,1,with_mask,0.9844701,maksssksksss1.png
357,185,378,244,1,with_mask,0.98033124,maksssksksss1.png
441,217,471,297,1,with_mask,0.97445774,maksssksksss1.png
174,237,207,351,1,with_mask,0.9741504,maksssksksss1.png
180,118,189,156,2,without_mask,0.11065495,maksssksksss1.png
256,151,424,324,1,with_mask,0.99521387,maksssksksss425.png
108,253,230,463,1,with_mask,0.05261454,maksssksksss425.png
88,208,264,389,1,with_mask,0.99818414,maksssksksss671.png
369,210,407,275,1,with_mask,0.99762183,maksssksksss578.png
230,197,267,264,1,with_mask,0.99699044,maksssksksss578.png
31,249,188,402,2,without_mask,0.055224154,maksssksksss578.png
222,221,329,350,1,with_mask,0.9964509,maksssksksss553.png
207,174,227,206,1,with_mask,0.99819857,maksssksksss59.png
169,187,188,215,1,with_mask,0.997549,maksssksksss59.png
351,193,368,221,1,with_mask,0.9951037,maksssksksss59.png
113,237,129,263,1,with_mask,0.99273056,maksssksksss59.png
277,178,293,205,1,with_mask,0.99073505,maksssksksss59.png
385,160,388,170,1,with_mask,0.058580983,maksssksksss59.png
177,138,391,479,1,with_mask,0.9963904,maksssksksss426.png
58,338,67,356,1,with_mask,0.99714667,maksssksksss418.png
407,312,420,339,1,with_mask,0.9922317,maksssksksss418.png
245,419,251,430,1,with_mask,0.47357818,maksssksksss418.png
54,338,60,350,2,without_mask,0.24497716,maksssksksss418.png
241,363,247,377,1,with_mask,0.0951783,maksssksksss418.png
136,145,205,190,1,with_mask,0.9961448,maksssksksss700.png
322,153,384,195,1,with_mask,0.99331164,maksssksksss700.png
448,191,475,232,2,without_mask,0.71880305,maksssksksss700.png
260,117,347,285,1,with_mask,0.9971724,maksssksksss80.png
219,142,248,174,1,with_mask,0.9967259,maksssksksss79.png
73,145,104,175,1,with_mask,0.99420774,maksssksksss79.png
287,196,306,219,1,with_mask,0.99400204,maksssksksss79.png
395,118,427,152,1,with_mask,0.99143195,maksssksksss79.png
337,176,359,203,1,with_mask,0.9799462,maksssksksss79.png
336,165,358,187,1,with_mask,0.086098485,maksssksksss79.png
271,39,324,166,1,with_mask,0.97553504,maksssksksss189.png
241,211,284,291,2,without_mask,0.59103173,maksssksksss189.png
235,205,290,336,2,without_mask,0.29599938,maksssksksss189.png
109,100,151,166,1,with_mask,0.99676466,maksssksksss358.png
215,102,263,172,1,with_mask,0.9965217,maksssksksss358.png
322,133,356,184,1,with_mask,0.996518,maksssksksss358.png
362,134,406,199,1,with_mask,0.99640024,maksssksksss358.png
234,308,372,452,1,with_mask,0.99828774,maksssksksss649.png
75,12,115,43,1,with_mask,0.31547448,maksssksksss649.png
425,90,480,189,1,with_mask,0.9930254,maksssksksss698.png
204,244,283,354,1,with_mask,0.99226356,maksssksksss698.png
393,126,428,191,2,without_mask,0.99205714,maksssksksss698.png
333,80,382,152,2,without_mask,0.9881577,maksssksksss698.png
32,158,64,207,2,without_mask,0.9829694,maksssksksss698.png
1,196,40,260,1,with_mask,0.97097135,maksssksksss698.png
145,26,157,57,1,with_mask,0.78755695,maksssksksss698.png
144,11,154,37,1,with_mask,0.7239126,maksssksksss698.png
303,56,319,82,1,with_mask,0.22545798,maksssksksss698.png
1,195,39,261,2,without_mask,0.08448146,maksssksksss698.png
32,169,82,261,1,with_mask,0.99835145,maksssksksss777.png
434,67,476,155,1,with_mask,0.99822015,maksssksksss777.png
343,74,384,152,1,with_mask,0.9974905,maksssksksss777.png
87,98,121,166,1,with_mask,0.99746037,maksssksksss777.png
164,89,196,157,1,with_mask,0.9970982,maksssksksss777.png
226,112,262,188,1,with_mask,0.9961785,maksssksksss777.png
61,312,125,425,1,with_mask,0.9957509,maksssksksss777.png
271,99,296,150,2,without_mask,0.9900712,maksssksksss777.png
338,117,354,153,1,with_mask,0.24307083,maksssksksss777.png
209,42,257,84,1,with_mask,0.98835164,maksssksksss767.png
146,42,323,452,1,with_mask,0.10387689,maksssksksss767.png
301,50,322,96,1,with_mask,0.99434257,maksssksksss602.png
459,142,471,173,1,with_mask,0.51851815,maksssksksss602.png
263,114,283,153,1,with_mask,0.1516327,maksssksksss602.png
238,101,246,121,1,with_mask,0.0874904,maksssksksss602.png
96,142,116,186,1,with_mask,0.99635124,maksssksksss768.png
270,242,291,276,1,with_mask,0.99564856,maksssksksss768.png
151,118,167,147,1,with_mask,0.9951741,maksssksksss768.png
59,43,80,88,1,with_mask,0.99441624,maksssksksss768.png
243,85,264,113,1,with_mask,0.9875579,maksssksksss768.png
3,124,15,149,1,with_mask,0.96932644,maksssksksss768.png
306,340,324,371,1,with_mask,0.3290852,maksssksksss768.png
236,250,250,278,1,with_mask,0.15505397,maksssksksss768.png
303,174,314,202,1,with_mask,0.10169053,maksssksksss768.png
458,176,472,193,1,with_mask,0.096216924,maksssksksss768.png
181,159,286,306,1,with_mask,0.9967397,maksssksksss511.png
228,111,271,173,1,with_mask,0.9974306,maksssksksss73.png
369,148,394,213,1,with_mask,0.9863738,maksssksksss73.png
163,110,194,188,1,with_mask,0.9493641,maksssksksss73.png
275,42,320,125,1,with_mask,0.9970197,maksssksksss554.png
196,88,231,146,1,with_mask,0.99695385,maksssksksss554.png
315,97,348,151,1,with_mask,0.99645305,maksssksksss554.png
112,81,138,120,1,with_mask,0.99462837,maksssksksss554.png
102,278,126,311,1,with_mask,0.99371934,maksssksksss554.png
94,62,109,97,1,with_mask,0.40934965,maksssksksss554.png
139,446,158,474,1,with_mask,0.13707276,maksssksksss554.png
378,154,453,264,1,with_mask,0.9971988,maksssksksss778.png
68,37,104,103,1,with_mask,0.9967854,maksssksksss778.png
265,67,297,124,1,with_mask,0.996351,maksssksksss778.png
208,94,241,146,1,with_mask,0.9917938,maksssksksss778.png
104,196,147,264,1,with_mask,0.92615235,maksssksksss778.png
302,191,348,266,1,with_mask,0.064716294,maksssksksss778.png
146,229,325,402,1,with_mask,0.99808335,maksssksksss646.png
313,139,360,209,1,with_mask,0.99787235,maksssksksss103.png
52,90,113,177,1,with_mask,0.9975231,maksssksksss103.png
227,69,284,170,1,with_mask,0.9953886,maksssksksss103.png
441,179,480,249,1,with_mask,0.9921117,maksssksksss103.png
95,108,173,159,2,without_mask,0.9970317,maksssksksss352.png
276,81,363,131,1,with_mask,0.99050176,maksssksksss352.png
158,95,351,253,1,with_mask,0.9968573,maksssksksss683.png
294,109,354,201,1,with_mask,0.9972492,maksssksksss503.png
238,235,285,299,1,with_mask,0.9945715,maksssksksss503.png
152,69,241,140,1,with_mask,0.99492127,maksssksksss186.png
211,169,268,269,1,with_mask,0.9958859,maksssksksss821.png
437,194,478,262,2,without_mask,0.98870134,maksssksksss821.png
287,152,323,243,2,without_mask,0.17478526,maksssksksss821.png
296,200,318,249,2,without_mask,0.06500341,maksssksksss821.png
222,83,261,151,1,with_mask,0.9980348,maksssksksss58.png
400,142,419,174,1,with_mask,0.9965816,maksssksksss58.png
440,131,459,158,1,with_mask,0.9964994,maksssksksss58.png
280,97,299,135,1,with_mask,0.99620676,maksssksksss58.png
327,145,339,165,1,with_mask,0.9960098,maksssksksss58.png
356,116,376,149,1,with_mask,0.99563485,maksssksksss58.png
190,135,214,169,1,with_mask,0.99528944,maksssksksss58.png
61,122,79,151,1,with_mask,0.9950015,maksssksksss58.png
28,133,53,170,1,with_mask,0.9941071,maksssksksss58.png
116,139,140,174,1,with_mask,0.993755,maksssksksss58.png
88,109,102,133,1,with_mask,0.9911233,maksssksksss58.png
461,129,472,151,1,with_mask,0.93152595,maksssksksss58.png
127,102,140,122,1,with_mask,0.6455538,maksssksksss58.png
176,104,184,124,1,with_mask,0.5720412,maksssksksss58.png
468,151,479,164,2,without_mask,0.5194088,maksssksksss58.png
467,151,479,166,1,with_mask,0.360467,maksssksksss58.png
187,117,195,131,1,with_mask,0.33855465,maksssksksss58.png
421,156,432,170,1,with_mask,0.2158928,maksssksksss58.png
153,74,180,125,1,with_mask,0.14959571,maksssksksss58.png
462,154,468,167,1,with_mask,0.06410226,maksssksksss58.png
202,219,300,341,2,without_mask,0.9842977,maksssksksss248.png
121,68,148,115,1,with_mask,0.9966845,maksssksksss152.png
78,46,97,81,1,with_mask,0.9966569,maksssksksss152.png
419,30,441,66,1,with_mask,0.99601007,maksssksksss152.png
207,60,231,103,1,with_mask,0.9956008,maksssksksss152.png
345,45,373,91,1,with_mask,0.99557567,maksssksksss152.png
244,126,270,167,1,with_mask,0.9950452,maksssksksss152.png
182,84,198,110,1,with_mask,0.981757,maksssksksss152.png
120,217,323,432,1,with_mask,0.9981324,maksssksksss62.png
227,172,331,339,1,with_mask,0.9985927,maksssksksss666.png
33,22,106,177,1,with_mask,0.9958177,maksssksksss666.png
362,2,468,149,1,with_mask,0.7452532,maksssksksss666.png
360,2,471,145,2,without_mask,0.57855815,maksssksksss666.png
163,239,326,396,1,with_mask,0.9975521,maksssksksss721.png
97,196,123,247,1,with_mask,0.9951014,maksssksksss588.png
391,213,424,270,1,with_mask,0.9941071,maksssksksss588.png
220,127,240,189,1,with_mask,0.8986095,maksssksksss588.png
322,164,338,186,1,with_mask,0.43023852,maksssksksss588.png
223,123,244,187,2,without_mask,0.24049634,maksssksksss588.png
322,183,345,231,1,with_mask,0.11795886,maksssksksss588.png
321,152,341,186,1,with_mask,0.08309453,maksssksksss588.png
126,110,213,254,1,with_mask,0.9984231,maksssksksss576.png
216,122,312,289,1,with_mask,0.99760264,maksssksksss576.png
416,167,475,290,1,with_mask,0.9966653,maksssksksss667.png
15,124,77,265,1,with_mask,0.9942192,maksssksksss667.png
348,142,415,284,1,with_mask,0.98984855,maksssksksss667.png
0,247,35,425,1,with_mask,0.10857835,maksssksksss667.png
185,117,205,156,1,with_mask,0.99717134,maksssksksss222.png
285,131,303,167,1,with_mask,0.99682283,maksssksksss222.png
70,136,91,178,1,with_mask,0.996783,maksssksksss222.png
413,93,433,134,1,with_mask,0.9964863,maksssksksss222.png
205,225,229,271,1,with_mask,0.9957385,maksssksksss222.png
29,105,51,152,1,with_mask,0.9950717,maksssksksss222.png
259,110,278,155,1,with_mask,0.9947942,maksssksksss222.png
157,119,181,172,1,with_mask,0.99430966,maksssksksss222.png
329,152,355,201,1,with_mask,0.9939307,maksssksksss222.png
439,101,461,145,1,with_mask,0.99333525,maksssksksss222.png
304,144,323,189,1,with_mask,0.99301213,maksssksksss222.png
359,105,376,142,1,with_mask,0.9919458,maksssksksss222.png
136,95,151,128,1,with_mask,0.990013,maksssksksss222.png
221,115,237,147,1,with_mask,0.9899497,maksssksksss222.png
169,95,184,127,1,with_mask,0.9890303,maksssksksss222.png
246,111,260,148,1,with_mask,0.9872365,maksssksksss222.png
380,106,396,139,2,without_mask,0.9849653,maksssksksss222.png
398,108,409,134,1,with_mask,0.97928363,maksssksksss222.png
203,109,212,139,1,with_mask,0.9492468,maksssksksss222.png
340,86,352,118,1,with_mask,0.6430338,maksssksksss222.png
144,151,155,175,1,with_mask,0.08487229,maksssksksss222.png
37,182,56,227,1,with_mask,0.059092768,maksssksksss222.png
184,204,345,350,2,without_mask,0.9969983,maksssksksss618.png
109,81,134,119,1,with_mask,0.99841726,maksssksksss498.png
426,120,448,160,1,with_mask,0.9952323,maksssksksss498.png
180,106,194,126,1,with_mask,0.9949303,maksssksksss498.png
349,121,367,157,1,with_mask,0.994643,maksssksksss498.png
231,103,247,132,1,with_mask,0.9894224,maksssksksss498.png
198,94,215,120,2,without_mask,0.98505545,maksssksksss498.png
52,115,61,130,1,with_mask,0.9828483,maksssksksss498.png
286,92,298,115,1,with_mask,0.97348166,maksssksksss498.png
381,93,406,139,2,without_mask,0.9614999,maksssksksss498.png
299,127,318,158,1,with_mask,0.9570085,maksssksksss498.png
25,130,36,150,1,with_mask,0.92572683,maksssksksss498.png
155,149,168,176,1,with_mask,0.7942314,maksssksksss498.png
218,129,227,144,2,without_mask,0.5380825,maksssksksss498.png
161,128,171,146,2,without_mask,0.5145891,maksssksksss498.png
206,134,220,156,2,without_mask,0.43576348,maksssksksss498.png
375,115,383,135,1,with_mask,0.37600604,maksssksksss498.png
156,130,168,149,2,without_mask,0.190001,maksssksksss498.png
207,135,220,159,1,with_mask,0.1278186,maksssksksss498.png
206,136,216,153,1,with_mask,0.11953413,maksssksksss498.png
298,88,325,119,1,with_mask,0.11829198,maksssksksss498.png
212,129,226,150,2,without_mask,0.09843661,maksssksksss498.png
214,90,223,109,2,without_mask,0.0697243,maksssksksss498.png
153,134,166,153,2,without_mask,0.06272534,maksssksksss498.png
68,209,246,368,1,with_mask,0.99703217,maksssksksss88.png
130,96,211,246,1,with_mask,0.9964055,maksssksksss91.png
294,135,374,319,1,with_mask,0.9862715,maksssksksss91.png
351,212,413,398,1,with_mask,0.9834262,maksssksksss91.png
237,0,300,82,1,with_mask,0.82680947,maksssksksss91.png
59,267,97,339,1,with_mask,0.9962838,maksssksksss297.png
259,173,289,233,1,with_mask,0.9960162,maksssksksss297.png
381,58,399,94,1,with_mask,0.99601126,maksssksksss297.png
103,54,123,90,1,with_mask,0.995427,maksssksksss297.png
148,220,177,281,1,with_mask,0.99505484,maksssksksss297.png
301,91,326,144,1,with_mask,0.9943955,maksssksksss297.png
188,121,214,180,1,with_mask,0.99402857,maksssksksss297.png
248,95,272,150,1,with_mask,0.9935051,maksssksksss297.png
400,3,416,35,1,with_mask,0.9906545,maksssksksss297.png
260,27,275,51,1,with_mask,0.9854453,maksssksksss297.png
372,8,384,34,1,with_mask,0.97253484,maksssksksss297.png
120,33,135,66,1,with_mask,0.9526332,maksssksksss297.png
424,20,439,44,1,with_mask,0.9281103,maksssksksss297.png
354,49,367,75,2,without_mask,0.90650004,maksssksksss297.png
271,76,289,111,1,with_mask,0.79939085,maksssksksss297.png
309,38,325,60,1,with_mask,0.56430185,maksssksksss297.png
444,2,456,19,1,with_mask,0.51984483,maksssksksss297.png
214,16,225,38,1,with_mask,0.4434593,maksssksksss297.png
325,21,337,45,2,without_mask,0.20412725,maksssksksss297.png
353,50,366,75,1,with_mask,0.1366492,maksssksksss297.png
309,38,324,59,2,without_mask,0.11520297,maksssksksss297.png
176,54,196,92,1,with_mask,0.09605349,maksssksksss297.png
90,122,142,222,1,with_mask,0.9964244,maksssksksss831.png
345,109,480,234,1,with_mask,0.9968953,maksssksksss200.png
22,216,184,345,1,with_mask,0.9957474,maksssksksss200.png
186,149,286,230,1,with_mask,0.69513,maksssksksss200.png
187,153,283,229,2,without_mask,0.60901606,maksssksksss200.png
215,220,263,300,1,with_mask,0.9965293,maksssksksss560.png
356,190,364,209,2,without_mask,0.65849304,maksssksksss560.png
256,204,267,227,2,without_mask,0.27623805,maksssksksss560.png
355,188,365,207,1,with_mask,0.21522315,maksssksksss560.png
358,188,370,208,2,without_mask,0.06613927,maksssksksss560.png
224,44,259,108,1,with_mask,0.9952969,maksssksksss374.png
376,61,414,121,2,without_mask,0.99524224,maksssksksss374.png
112,126,146,179,1,with_mask,0.99469626,maksssksksss374.png
233,289,270,367,1,with_mask,0.99468356,maksssksksss374.png
33,181,62,227,1,with_mask,0.994265,maksssksksss374.png
173,118,203,238,1,with_mask,0.17883517,maksssksksss374.png
114,257,228,362,1,with_mask,0.9935242,maksssksksss259.png
162,236,286,366,1,with_mask,0.9969928,maksssksksss845.png
125,66,274,208,1,with_mask,0.78356194,maksssksksss659.png
130,54,271,205,2,without_mask,0.21021377,maksssksksss659.png
161,103,329,285,1,with_mask,0.9976776,maksssksksss550.png
226,173,294,304,1,with_mask,0.9983967,maksssksksss21.png
372,97,428,208,1,with_mask,0.9966234,maksssksksss21.png
50,278,133,480,1,with_mask,0.9961144,maksssksksss21.png
66,124,131,225,1,with_mask,0.99372524,maksssksksss21.png
213,62,268,129,2,without_mask,0.9895839,maksssksksss21.png
0,73,16,154,2,without_mask,0.6527221,maksssksksss21.png
124,196,280,433,1,with_mask,0.9844429,maksssksksss170.png
407,32,444,134,1,with_mask,0.998201,maksssksksss704.png
224,212,321,365,1,with_mask,0.9979394,maksssksksss704.png
303,37,351,122,1,with_mask,0.99790335,maksssksksss704.png
3,284,90,451,1,with_mask,0.9974111,maksssksksss704.png
137,163,206,282,1,with_mask,0.99708694,maksssksksss704.png
392,248,467,363,1,with_mask,0.9962955,maksssksksss704.png
77,80,128,186,1,with_mask,0.9935208,maksssksksss704.png
59,156,102,254,1,with_mask,0.9932412,maksssksksss704.png
44,193,218,354,1,with_mask,0.99786586,maksssksksss504.png
50,0,109,117,1,with_mask,0.99636346,maksssksksss805.png
435,12,475,93,2,without_mask,0.9894984,maksssksksss805.png
56,189,109,315,1,with_mask,0.9884802,maksssksksss805.png
365,5,424,115,1,with_mask,0.9822757,maksssksksss805.png
210,13,269,129,1,with_mask,0.96382946,maksssksksss805.png
214,212,267,329,1,with_mask,0.89301044,maksssksksss805.png
346,269,381,324,1,with_mask,0.7634297,maksssksksss805.png
369,413,436,480,1,with_mask,0.7536384,maksssksksss805.png
61,430,119,480,1,with_mask,0.57158643,maksssksksss805.png
220,50,253,117,1,with_mask,0.35567316,maksssksksss805.png
215,207,269,319,2,without_mask,0.21164365,maksssksksss805.png
213,16,265,125,2,without_mask,0.065680064,maksssksksss805.png
209,170,295,338,1,with_mask,0.97005445,maksssksksss241.png
250,349,289,480,1,with_mask,0.08489734,maksssksksss241.png
384,258,406,299,2,without_mask,0.99538237,maksssksksss613.png
210,254,236,297,1,with_mask,0.99423885,maksssksksss613.png
283,236,311,275,1,with_mask,0.9910767,maksssksksss613.png
233,183,246,210,2,without_mask,0.98723793,maksssksksss613.png
407,196,424,215,1,with_mask,0.967972,maksssksksss613.png
127,210,142,235,1,with_mask,0.9595534,maksssksksss613.png
90,205,98,224,1,with_mask,0.9419394,maksssksksss613.png
148,249,163,278,1,with_mask,0.9332263,maksssksksss613.png
298,172,308,193,1,with_mask,0.93322474,maksssksksss613.png
365,208,375,231,1,with_mask,0.85804254,maksssksksss613.png
41,187,59,223,1,with_mask,0.74326664,maksssksksss613.png
298,171,308,193,2,without_mask,0.27220058,maksssksksss613.png
129,185,136,204,1,with_mask,0.12175474,maksssksksss613.png
246,202,253,219,1,with_mask,0.10996859,maksssksksss613.png
195,199,201,213,1,with_mask,0.09553443,maksssksksss613.png
85,205,96,227,1,with_mask,0.075420044,maksssksksss613.png
42,185,59,220,2,without_mask,0.06777118,maksssksksss613.png
156,230,310,370,1,with_mask,0.99678266,maksssksksss568.png
175,273,308,410,1,with_mask,0.99286026,maksssksksss78.png
35,195,95,259,2,without_mask,0.11092111,maksssksksss78.png
249,146,437,349,1,with_mask,0.9985911,maksssksksss171.png
85,119,124,201,1,with_mask,0.99754673,maksssksksss413.png
351,180,410,302,1,with_mask,0.996139,maksssksksss413.png
206,67,241,152,1,with_mask,0.9925189,maksssksksss413.png
351,206,363,230,1,with_mask,0.4030851,maksssksksss413.png
186,81,210,123,1,with_mask,0.99766064,maksssksksss2.png
284,57,313,115,1,with_mask,0.9948667,maksssksksss2.png
85,68,119,115,1,with_mask,0.9929604,maksssksksss2.png
398,49,440,109,1,with_mask,0.8218572,maksssksksss2.png
399,52,439,111,2,without_mask,0.4646324,maksssksksss2.png
105,87,120,112,1,with_mask,0.9961248,maksssksksss711.png
316,87,340,124,1,with_mask,0.9951721,maksssksksss711.png
224,69,249,113,1,with_mask,0.9944173,maksssksksss711.png
443,86,459,112,1,with_mask,0.99407,maksssksksss711.png
366,82,381,103,1,with_mask,0.9939434,maksssksksss711.png
238,186,260,211,1,with_mask,0.99309903,maksssksksss711.png
407,75,420,95,1,with_mask,0.9884702,maksssksksss711.png
36,80,55,111,1,with_mask,0.96528715,maksssksksss711.png
35,78,55,106,2,without_mask,0.14228857,maksssksksss711.png
304,142,322,178,1,with_mask,0.9971154,maksssksksss690.png
185,117,204,151,1,with_mask,0.9965115,maksssksksss690.png
285,129,303,159,1,with_mask,0.9963845,maksssksksss690.png
69,132,91,170,1,with_mask,0.9962877,maksssksksss690.png
413,97,433,132,1,with_mask,0.9960514,maksssksksss690.png
205,208,229,247,1,with_mask,0.9958676,maksssksksss690.png
259,112,278,150,1,with_mask,0.99524313,maksssksksss690.png
329,147,355,190,1,with_mask,0.99469686,maksssksksss690.png
137,99,150,126,1,with_mask,0.9938792,maksssksksss690.png
30,107,51,148,1,with_mask,0.993771,maksssksksss690.png
158,119,180,163,1,with_mask,0.99376065,maksssksksss690.png
439,104,461,142,1,with_mask,0.99144965,maksssksksss690.png
222,116,236,143,1,with_mask,0.99058986,maksssksksss690.png
359,107,376,138,1,with_mask,0.9887404,maksssksksss690.png
169,100,183,127,1,with_mask,0.9884934,maksssksksss690.png
398,110,408,132,1,with_mask,0.9833868,maksssksksss690.png
379,108,396,137,2,without_mask,0.9828735,maksssksksss690.png
246,112,260,144,1,with_mask,0.96350724,maksssksksss690.png
203,111,212,135,1,with_mask,0.9616187,maksssksksss690.png
339,91,351,117,1,with_mask,0.9465251,maksssksksss690.png
144,148,154,168,1,with_mask,0.16884345,maksssksksss690.png
132,99,144,125,1,with_mask,0.053248722,maksssksksss690.png
186,50,203,91,1,with_mask,0.99688125,maksssksksss423.png
305,92,324,128,1,with_mask,0.99549013,maksssksksss423.png
330,96,347,129,1,with_mask,0.9950304,maksssksksss423.png
51,25,80,85,1,with_mask,0.9943504,maksssksksss423.png
384,101,402,134,1,with_mask,0.9942774,maksssksksss423.png
3,104,17,134,1,with_mask,0.99387145,maksssksksss423.png
240,63,255,103,1,with_mask,0.9938698,maksssksksss423.png
422,118,436,145,1,with_mask,0.9925068,maksssksksss423.png
438,118,451,146,1,with_mask,0.9905274,maksssksksss423.png
172,142,183,163,2,without_mask,0.8984102,maksssksksss423.png
119,139,131,169,1,with_mask,0.8258767,maksssksksss423.png
238,97,250,124,1,with_mask,0.5212307,maksssksksss423.png
366,134,375,155,1,with_mask,0.4150153,maksssksksss423.png
277,108,286,142,1,with_mask,0.25168917,maksssksksss423.png
175,147,187,171,1,with_mask,0.20157276,maksssksksss423.png
173,144,184,166,1,with_mask,0.10715307,maksssksksss423.png
180,147,189,169,1,with_mask,0.062221352,maksssksksss423.png
332,47,366,121,1,with_mask,0.96336526,maksssksksss844.png
187,74,233,173,1,with_mask,0.9204,maksssksksss844.png
412,207,440,253,1,with_mask,0.9957768,maksssksksss597.png
353,223,379,265,1,with_mask,0.99535793,maksssksksss597.png
146,282,157,301,2,without_mask,0.8185243,maksssksksss597.png
117,337,134,380,1,with_mask,0.1753381,maksssksksss597.png
133,351,163,392,1,with_mask,0.083582014,maksssksksss597.png
185,123,297,275,1,with_mask,0.99737036,maksssksksss148.png
0,18,98,184,1,with_mask,0.9961014,maksssksksss148.png
388,100,478,209,2,without_mask,0.99428153,maksssksksss148.png
82,121,146,199,2,without_mask,0.97053736,maksssksksss148.png
142,133,171,186,2,without_mask,0.8414371,maksssksksss148.png
295,155,334,241,1,with_mask,0.18379955,maksssksksss148.png
357,308,375,344,2,without_mask,0.11169656,maksssksksss148.png
73,84,143,188,2,without_mask,0.08870241,maksssksksss148.png
237,59,281,98,1,with_mask,0.9978011,maksssksksss605.png
360,62,387,103,1,with_mask,0.9977145,maksssksksss311.png
209,70,263,170,1,with_mask,0.99606836,maksssksksss311.png
267,105,302,154,1,with_mask,0.99517787,maksssksksss311.png
94,82,126,125,1,with_mask,0.9933296,maksssksksss311.png
38,67,74,112,1,with_mask,0.9810929,maksssksksss311.png
470,99,478,113,1,with_mask,0.22625354,maksssksksss311.png
181,245,356,426,1,with_mask,0.9978363,maksssksksss225.png
154,195,176,231,1,with_mask,0.9973967,maksssksksss437.png
245,194,278,252,1,with_mask,0.99468035,maksssksksss437.png
103,84,137,155,1,with_mask,0.9875344,maksssksksss437.png
330,186,350,233,1,with_mask,0.96694416,maksssksksss437.png
170,203,187,230,1,with_mask,0.5978854,maksssksksss437.png
346,174,362,220,2,without_mask,0.19715142,maksssksksss437.png
326,160,346,196,2,without_mask,0.07056287,maksssksksss437.png
293,99,382,162,1,with_mask,0.7417273,maksssksksss830.png
166,76,274,151,1,with_mask,0.9363404,maksssksksss20.png
170,75,272,148,2,without_mask,0.14003505,maksssksksss20.png
134,123,205,262,1,with_mask,0.9965647,maksssksksss175.png
246,101,289,247,1,with_mask,0.82550067,maksssksksss175.png
220,113,284,273,1,with_mask,0.05241004,maksssksksss175.png
49,88,133,223,1,with_mask,0.998142,maksssksksss83.png
175,180,273,327,1,with_mask,0.9976642,maksssksksss83.png
319,14,433,205,2,without_mask,0.9880701,maksssksksss83.png
122,355,198,480,1,with_mask,0.60237086,maksssksksss83.png
378,372,472,476,1,with_mask,0.28934386,maksssksksss83.png
122,361,196,479,2,without_mask,0.15360525,maksssksksss83.png
112,90,179,216,1,with_mask,0.9966217,maksssksksss734.png
389,115,420,188,1,with_mask,0.9982247,maksssksksss850.png
177,76,208,146,1,with_mask,0.9966647,maksssksksss850.png
54,123,76,190,1,with_mask,0.99614197,maksssksksss850.png
262,327,315,410,1,with_mask,0.99788207,maksssksksss461.png
443,244,476,343,1,with_mask,0.9975477,maksssksksss461.png
110,128,150,194,1,with_mask,0.99743634,maksssksksss461.png
167,143,221,222,1,with_mask,0.9971698,maksssksksss461.png
296,210,336,281,1,with_mask,0.99712664,maksssksksss461.png
361,222,416,313,1,with_mask,0.99652356,maksssksksss461.png
70,188,107,248,1,with_mask,0.9965063,maksssksksss461.png
25,167,54,208,1,with_mask,0.9833144,maksssksksss461.png
457,83,474,107,2,without_mask,0.15388563,maksssksksss461.png
449,88,465,109,2,without_mask,0.050712008,maksssksksss461.png
105,254,262,386,1,with_mask,0.9958513,maksssksksss332.png
399,141,434,213,1,with_mask,0.9980568,maksssksksss53.png
238,191,278,271,1,with_mask,0.99773455,maksssksksss53.png
234,64,258,116,1,with_mask,0.9961867,maksssksksss53.png
98,132,121,182,1,with_mask,0.99416333,maksssksksss53.png
61,69,142,244,1,with_mask,0.99799097,maksssksksss501.png
195,86,264,231,1,with_mask,0.99733436,maksssksksss501.png
428,121,479,254,1,with_mask,0.9959847,maksssksksss501.png
0,81,51,241,1,with_mask,0.9952337,maksssksksss501.png
368,94,419,230,1,with_mask,0.9949568,maksssksksss501.png
299,53,356,205,1,with_mask,0.99380153,maksssksksss501.png
308,198,349,269,1,with_mask,0.66432667,maksssksksss501.png
308,200,346,270,2,without_mask,0.2732143,maksssksksss501.png
158,50,211,87,1,with_mask,0.9929826,maksssksksss693.png
272,57,310,93,2,without_mask,0.6959188,maksssksksss693.png
213,67,241,89,2,without_mask,0.6806868,maksssksksss693.png
271,64,311,100,1,with_mask,0.07705244,maksssksksss693.png
225,226,384,378,2,without_mask,0.9966156,maksssksksss14.png
340,229,379,316,1,with_mask,0.99812406,maksssksksss52.png
139,274,192,378,1,with_mask,0.99591595,maksssksksss52.png
46,142,88,219,1,with_mask,0.9954965,maksssksksss52.png
254,249,314,363,1,with_mask,0.9938391,maksssksksss52.png
392,103,421,161,1,with_mask,0.9932162,maksssksksss52.png
2,72,28,127,1,with_mask,0.9929664,maksssksksss52.png
116,69,137,109,1,with_mask,0.99287015,maksssksksss52.png
226,174,250,241,1,with_mask,0.9922531,maksssksksss52.png
40,350,96,456,2,without_mask,0.99031687,maksssksksss52.png
364,33,385,76,1,with_mask,0.9898128,maksssksksss52.png
364,321,425,432,1,with_mask,0.9890666,maksssksksss52.png
49,48,68,82,1,with_mask,0.9882731,maksssksksss52.png
74,76,92,116,1,with_mask,0.98642635,maksssksksss52.png
156,67,168,90,1,with_mask,0.98035485,maksssksksss52.png
108,155,153,247,2,without_mask,0.9801145,maksssksksss52.png
370,80,391,119,1,with_mask,0.97946405,maksssksksss52.png
4,164,42,215,1,with_mask,0.9765484,maksssksksss52.png
191,44,204,66,1,with_mask,0.95765775,maksssksksss52.png
342,153,367,196,1,with_mask,0.94957775,maksssksksss52.png
192,273,235,374,1,with_mask,0.9492537,maksssksksss52.png
89,62,113,114,2,without_mask,0.9325495,maksssksksss52.png
423,34,433,55,1,with_mask,0.923736,maksssksksss52.png
388,21,402,49,2,without_mask,0.9236551,maksssksksss52.png
315,158,337,193,1,with_mask,0.9229533,maksssksksss52.png
178,90,192,112,1,with_mask,0.89147824,maksssksksss52.png
267,105,295,153,2,without_mask,0.87381905,maksssksksss52.png
293,107,309,145,2,without_mask,0.86608034,maksssksksss52.png
423,100,439,148,1,with_mask,0.86377805,maksssksksss52.png
153,13,166,37,1,with_mask,0.8602168,maksssksksss52.png
330,18,339,39,2,without_mask,0.8526924,maksssksksss52.png
299,6,311,29,1,with_mask,0.83853334,maksssksksss52.png
87,147,108,190,1,with_mask,0.7819735,maksssksksss52.png
293,77,302,98,1,with_mask,0.77885437,maksssksksss52.png
171,62,189,88,1,with_mask,0.75621295,maksssksksss52.png
157,141,189,202,2,without_mask,0.74470305,maksssksksss52.png
5,242,55,324,2,without_mask,0.6913577,maksssksksss52.png
186,129,207,181,1,with_mask,0.46634933,maksssksksss52.png
434,48,445,70,1,with_mask,0.41472968,maksssksksss52.png
89,12,100,31,1,with_mask,0.38172847,maksssksksss52.png
273,19,283,38,1,with_mask,0.37343267,maksssksksss52.png
320,47,329,62,1,with_mask,0.35555813,maksssksksss52.png
251,10,260,26,1,with_mask,0.34611785,maksssksksss52.png
77,71,84,87,1,with_mask,0.32772267,maksssksksss52.png
200,116,232,161,2,without_mask,0.32320163,maksssksksss52.png
111,47,120,66,1,with_mask,0.2863335,maksssksksss52.png
206,382,217,402,1,with_mask,0.19352359,maksssksksss52.png
220,40,237,70,2,without_mask,0.17416057,maksssksksss52.png
88,1,98,19,1,with_mask,0.11814875,maksssksksss52.png
381,181,400,209,2,without_mask,0.09977068,maksssksksss52.png
110,42,120,57,2,without_mask,0.09545846,maksssksksss52.png
312,69,320,84,1,with_mask,0.08600887,maksssksksss52.png
30,75,41,92,1,with_mask,0.07484693,maksssksksss52.png
94,73,110,108,2,without_mask,0.06819354,maksssksksss52.png
88,1,98,18,2,without_mask,0.050426237,maksssksksss52.png
42,122,229,455,1,with_mask,0.9988757,maksssksksss140.png
256,213,408,466,1,with_mask,0.99782664,maksssksksss140.png
217,63,285,98,1,with_mask,0.97496116,maksssksksss658.png
0,251,28,339,2,without_mask,0.17365497,maksssksksss658.png
144,173,303,307,2,without_mask,0.99653614,maksssksksss837.png
371,127,411,182,1,with_mask,0.9974963,maksssksksss235.png
298,168,313,188,1,with_mask,0.9901112,maksssksksss235.png
321,165,328,181,1,with_mask,0.8169366,maksssksksss235.png
264,167,277,190,1,with_mask,0.77971286,maksssksksss235.png
198,336,340,468,1,with_mask,0.99846846,maksssksksss87.png
210,50,309,131,1,with_mask,0.9951356,maksssksksss43.png
13,148,52,178,1,with_mask,0.8637896,maksssksksss43.png
464,158,480,185,1,with_mask,0.5858718,maksssksksss43.png
347,74,363,109,1,with_mask,0.9968797,maksssksksss789.png
38,42,68,95,1,with_mask,0.99626833,maksssksksss789.png
324,98,345,130,1,with_mask,0.9947225,maksssksksss789.png
192,68,213,105,1,with_mask,0.99332726,maksssksksss789.png
281,83,287,100,1,with_mask,0.5347806,maksssksksss789.png
292,86,300,106,2,without_mask,0.27719322,maksssksksss789.png
292,85,301,105,1,with_mask,0.12818314,maksssksksss789.png
293,78,300,93,1,with_mask,0.11185011,maksssksksss789.png
113,62,161,118,1,with_mask,0.9982236,maksssksksss316.png
289,95,335,161,1,with_mask,0.99688953,maksssksksss316.png
375,107,397,172,1,with_mask,0.99377173,maksssksksss316.png
190,126,215,171,2,without_mask,0.98792726,maksssksksss316.png
274,147,287,184,2,without_mask,0.16021082,maksssksksss316.png
252,35,294,94,1,with_mask,0.9960742,maksssksksss587.png
85,231,121,277,1,with_mask,0.9960736,maksssksksss587.png
18,107,26,137,1,with_mask,0.05732661,maksssksksss587.png
194,306,272,450,1,with_mask,0.99654835,maksssksksss803.png
342,409,469,476,2,without_mask,0.07979399,maksssksksss803.png
321,168,391,243,1,with_mask,0.9965663,maksssksksss585.png
200,168,273,247,1,with_mask,0.99350125,maksssksksss585.png
132,136,194,193,1,with_mask,0.9921835,maksssksksss585.png
276,143,306,191,2,without_mask,0.9856775,maksssksksss585.png
411,153,480,217,2,without_mask,0.9824004,maksssksksss585.png
5,137,70,195,2,without_mask,0.72699744,maksssksksss585.png
7,132,70,193,1,with_mask,0.6581169,maksssksksss585.png
0,385,45,472,1,with_mask,0.59618986,maksssksksss585.png
194,99,281,211,1,with_mask,0.13964403,maksssksksss585.png
350,123,393,205,2,without_mask,0.25081447,maksssksksss122.png
349,114,394,214,1,with_mask,0.1681911,maksssksksss122.png
296,282,425,480,1,with_mask,0.15178995,maksssksksss122.png
246,25,416,217,2,without_mask,0.14170775,maksssksksss122.png
54,405,111,473,2,without_mask,0.07314498,maksssksksss122.png
169,172,389,414,1,with_mask,0.9958496,maksssksksss434.png
51,123,88,199,1,with_mask,0.99712116,maksssksksss784.png
381,149,414,222,1,with_mask,0.9968616,maksssksksss784.png
166,174,201,239,1,with_mask,0.9967284,maksssksksss784.png
106,164,143,233,1,with_mask,0.99637586,maksssksksss784.png
210,116,246,189,1,with_mask,0.9958169,maksssksksss784.png
130,91,167,166,1,with_mask,0.995353,maksssksksss784.png
330,140,365,214,1,with_mask,0.9952963,maksssksksss784.png
281,77,319,148,1,with_mask,0.9942865,maksssksksss784.png
19,125,44,169,2,without_mask,0.9825738,maksssksksss784.png
417,71,436,96,1,with_mask,0.616874,maksssksksss784.png
371,264,460,336,2,without_mask,0.26287898,maksssksksss496.png
325,267,378,315,1,with_mask,0.082231544,maksssksksss496.png
344,174,431,330,1,with_mask,0.9979735,maksssksksss638.png
66,178,129,292,1,with_mask,0.99671483,maksssksksss638.png
144,135,238,315,1,with_mask,0.9982911,maksssksksss679.png
201,113,289,301,1,with_mask,0.9984792,maksssksksss254.png
385,113,451,246,1,with_mask,0.996902,maksssksksss254.png
76,199,135,308,1,with_mask,0.9966754,maksssksksss254.png
351,159,379,217,1,with_mask,0.99411494,maksssksksss254.png
17,96,69,199,2,without_mask,0.99261194,maksssksksss254.png
451,87,475,143,2,without_mask,0.33148476,maksssksksss254.png
151,124,184,190,1,with_mask,0.054601002,maksssksksss254.png
180,115,331,260,1,with_mask,0.99780875,maksssksksss243.png
170,238,356,411,2,without_mask,0.9970534,maksssksksss217.png
143,56,336,457,1,with_mask,0.9928474,maksssksksss198.png
51,97,95,179,1,with_mask,0.9980222,maksssksksss551.png
307,266,347,332,1,with_mask,0.9976967,maksssksksss551.png
174,189,222,263,1,with_mask,0.9967276,maksssksksss551.png
411,255,448,323,1,with_mask,0.9966732,maksssksksss551.png
245,204,286,272,1,with_mask,0.991071,maksssksksss551.png
140,301,267,418,2,without_mask,0.99620616,maksssksksss402.png
125,244,269,389,1,with_mask,0.9979044,maksssksksss283.png
184,212,340,355,1,with_mask,0.9971608,maksssksksss356.png
212,224,368,378,2,without_mask,0.99645656,maksssksksss565.png
237,196,273,271,1,with_mask,0.9978029,maksssksksss288.png
170,198,209,273,1,with_mask,0.9971318,maksssksksss288.png
33,430,61,462,1,with_mask,0.9776921,maksssksksss288.png
428,155,479,251,1,with_mask,0.9984748,maksssksksss257.png
122,165,171,263,1,with_mask,0.9977094,maksssksksss257.png
7,189,45,285,1,with_mask,0.9973361,maksssksksss257.png
123,28,171,103,1,with_mask,0.9954781,maksssksksss257.png
52,201,102,293,1,with_mask,0.9953056,maksssksksss257.png
404,59,455,129,1,with_mask,0.99497366,maksssksksss257.png
234,75,289,173,1,with_mask,0.99403954,maksssksksss257.png
28,39,71,100,2,without_mask,0.9865615,maksssksksss257.png
337,133,365,203,2,without_mask,0.96343875,maksssksksss257.png
202,127,231,220,1,with_mask,0.6640923,maksssksksss257.png
70,316,126,437,1,with_mask,0.09909073,maksssksksss257.png
211,164,387,312,2,without_mask,0.9956019,maksssksksss370.png
352,236,402,270,2,without_mask,0.9395072,maksssksksss132.png
165,87,300,224,1,with_mask,0.70721245,maksssksksss132.png
170,90,299,213,2,without_mask,0.16353573,maksssksksss132.png
298,98,335,133,1,with_mask,0.99267757,maksssksksss97.png
196,159,290,285,1,with_mask,0.99191016,maksssksksss469.png
304,129,386,253,1,with_mask,0.21905264,maksssksksss469.png
51,44,112,146,1,with_mask,0.9975842,maksssksksss329.png
370,47,435,149,1,with_mask,0.99733233,maksssksksss329.png
207,222,269,316,1,with_mask,0.9972037,maksssksksss329.png
48,381,103,468,1,with_mask,0.9969516,maksssksksss329.png
212,383,270,469,1,with_mask,0.9967002,maksssksksss329.png
361,212,417,304,1,with_mask,0.99554694,maksssksksss329.png
199,43,289,159,1,with_mask,0.9936429,maksssksksss329.png
61,218,111,288,1,with_mask,0.98263955,maksssksksss329.png
344,339,445,471,1,with_mask,0.97746086,maksssksksss329.png
30,12,63,63,2,without_mask,0.7026635,maksssksksss329.png
231,132,246,167,1,with_mask,0.99675876,maksssksksss730.png
290,219,307,252,1,with_mask,0.99270576,maksssksksss730.png
175,189,188,218,1,with_mask,0.9925356,maksssksksss730.png
167,199,175,214,1,with_mask,0.24511987,maksssksksss730.png
148,93,340,470,1,with_mask,0.9513838,maksssksksss463.png
94,223,276,392,1,with_mask,0.9976089,maksssksksss645.png
355,69,373,98,1,with_mask,0.998228,maksssksksss514.png
397,93,415,123,1,with_mask,0.99751616,maksssksksss514.png
207,61,222,94,1,with_mask,0.9969156,maksssksksss514.png
33,137,52,179,1,with_mask,0.99650866,maksssksksss514.png
189,120,210,152,1,with_mask,0.99550027,maksssksksss514.png
242,71,260,108,1,with_mask,0.9954946,maksssksksss514.png
449,86,463,112,1,with_mask,0.9942889,maksssksksss514.png
283,71,298,100,2,without_mask,0.97510034,maksssksksss514.png
463,78,478,112,2,without_mask,0.36987454,maksssksksss514.png
298,79,319,111,2,without_mask,0.21346411,maksssksksss514.png
462,87,478,115,1,with_mask,0.13438135,maksssksksss514.png
102,134,109,149,1,with_mask,0.050081998,maksssksksss514.png
130,108,151,137,1,with_mask,0.9976465,maksssksksss447.png
237,151,259,178,1,with_mask,0.9949804,maksssksksss447.png
375,137,396,173,1,with_mask,0.9937989,maksssksksss447.png
468,49,478,76,1,with_mask,0.12049041,maksssksksss447.png
199,32,233,86,1,with_mask,0.99801433,maksssksksss264.png
293,31,325,88,1,with_mask,0.99770963,maksssksksss264.png
327,154,382,250,1,with_mask,0.9974808,maksssksksss264.png
175,153,233,251,1,with_mask,0.9958925,maksssksksss264.png
24,95,107,218,1,with_mask,0.99587965,maksssksksss264.png
401,21,447,84,1,with_mask,0.99530256,maksssksksss264.png
135,383,277,478,2,without_mask,0.47769517,maksssksksss264.png
130,377,277,480,1,with_mask,0.22942585,maksssksksss264.png
133,117,171,194,1,with_mask,0.9983575,maksssksksss473.png
357,180,397,262,1,with_mask,0.99800664,maksssksksss473.png
293,69,330,160,1,with_mask,0.997591,maksssksksss473.png
67,188,107,281,2,without_mask,0.98852557,maksssksksss473.png
312,161,366,230,1,with_mask,0.9958086,maksssksksss334.png
114,112,160,198,1,with_mask,0.99145764,maksssksksss334.png
231,155,280,226,1,with_mask,0.99123,maksssksksss334.png
404,162,443,221,2,without_mask,0.9866941,maksssksksss334.png
418,163,453,227,2,without_mask,0.07178684,maksssksksss334.png
349,111,379,166,1,with_mask,0.9977316,maksssksksss685.png
13,80,63,164,1,with_mask,0.9968694,maksssksksss685.png
178,99,237,219,1,with_mask,0.99650276,maksssksksss685.png
457,116,479,162,1,with_mask,0.8869799,maksssksksss685.png
270,251,281,279,1,with_mask,0.99564457,maksssksksss151.png
331,239,344,269,1,with_mask,0.99391705,maksssksksss151.png
97,302,106,318,1,with_mask,0.9911795,maksssksksss151.png
161,321,166,335,1,with_mask,0.9827314,maksssksksss151.png
151,314,157,329,1,with_mask,0.98094386,maksssksksss151.png
171,317,178,333,1,with_mask,0.9708679,maksssksksss151.png
119,338,125,350,1,with_mask,0.954188,maksssksksss151.png
71,314,78,331,2,without_mask,0.66995853,maksssksksss151.png
204,340,215,365,1,with_mask,0.625332,maksssksksss151.png
133,314,139,326,2,without_mask,0.6176264,maksssksksss151.png
113,370,122,384,1,with_mask,0.6149692,maksssksksss151.png
133,317,138,330,1,with_mask,0.59876674,maksssksksss151.png
130,388,136,398,1,with_mask,0.30043966,maksssksksss151.png
14,290,21,306,1,with_mask,0.17194615,maksssksksss151.png
206,337,215,354,2,without_mask,0.14228778,maksssksksss151.png
114,375,122,388,2,without_mask,0.10718078,maksssksksss151.png
133,313,139,325,1,with_mask,0.09639616,maksssksksss151.png
112,375,123,388,1,with_mask,0.05512429,maksssksksss151.png
161,335,168,352,1,with_mask,0.05242103,maksssksksss151.png
191,188,263,323,2,without_mask,0.9940942,maksssksksss785.png
182,175,342,332,2,without_mask,0.99605113,maksssksksss125.png
175,188,338,335,2,without_mask,0.99629164,maksssksksss51.png
326,156,360,208,1,with_mask,0.9978212,maksssksksss227.png
87,139,103,162,1,with_mask,0.99669766,maksssksksss227.png
292,88,326,144,1,with_mask,0.99616385,maksssksksss227.png
174,186,201,225,1,with_mask,0.9960122,maksssksksss227.png
194,140,219,187,1,with_mask,0.9957961,maksssksksss227.png
411,111,437,153,1,with_mask,0.995421,maksssksksss227.png
0,114,36,233,1,with_mask,0.995182,maksssksksss227.png
146,150,171,184,1,with_mask,0.9842498,maksssksksss227.png
386,128,394,147,1,with_mask,0.9794016,maksssksksss227.png
36,137,55,166,1,with_mask,0.95938057,maksssksksss227.png
241,127,252,145,1,with_mask,0.85328484,maksssksksss227.png
118,139,142,174,1,with_mask,0.7295179,maksssksksss227.png
37,120,55,149,1,with_mask,0.6882906,maksssksksss227.png
122,139,133,157,1,with_mask,0.35746306,maksssksksss227.png
396,132,404,150,1,with_mask,0.18894465,maksssksksss227.png
146,137,158,159,1,with_mask,0.10720894,maksssksksss227.png
67,126,80,153,1,with_mask,0.08864662,maksssksksss227.png
172,125,263,267,1,with_mask,0.9962717,maksssksksss190.png
263,140,276,174,2,without_mask,0.53367174,maksssksksss190.png
229,52,269,91,1,with_mask,0.9960043,maksssksksss419.png
89,186,104,210,2,without_mask,0.98089546,maksssksksss419.png
33,192,68,217,2,without_mask,0.9291987,maksssksksss419.png
17,188,31,211,2,without_mask,0.91985846,maksssksksss419.png
105,185,124,211,2,without_mask,0.90377,maksssksksss419.png
61,178,90,207,2,without_mask,0.58234656,maksssksksss419.png
1,204,16,237,2,without_mask,0.542725,maksssksksss419.png
16,206,39,246,1,with_mask,0.38245586,maksssksksss419.png
313,228,337,262,2,without_mask,0.14263338,maksssksksss419.png
10,106,34,152,1,with_mask,0.9976426,maksssksksss231.png
138,121,163,170,1,with_mask,0.9971794,maksssksksss231.png
440,88,465,141,1,with_mask,0.99699354,maksssksksss231.png
231,112,260,163,1,with_mask,0.99648607,maksssksksss231.png
39,96,67,146,1,with_mask,0.9960633,maksssksksss231.png
263,97,288,148,1,with_mask,0.9958404,maksssksksss231.png
351,113,368,161,1,with_mask,0.99555784,maksssksksss231.png
202,87,229,134,1,with_mask,0.9952354,maksssksksss231.png
389,94,418,149,1,with_mask,0.9947594,maksssksksss231.png
321,117,342,158,1,with_mask,0.99423015,maksssksksss231.png
177,125,201,175,1,with_mask,0.99412966,maksssksksss231.png
103,140,127,193,1,with_mask,0.99244046,maksssksksss231.png
153,72,177,114,1,with_mask,0.9919585,maksssksksss231.png
123,47,144,94,1,with_mask,0.98510635,maksssksksss231.png
228,61,247,90,1,with_mask,0.9491965,maksssksksss231.png
89,129,98,162,1,with_mask,0.7713091,maksssksksss231.png
468,165,479,196,1,with_mask,0.665849,maksssksksss231.png
458,60,480,111,1,with_mask,0.6169004,maksssksksss231.png
66,120,86,154,1,with_mask,0.11068755,maksssksksss231.png
98,94,115,119,2,without_mask,0.10250295,maksssksksss231.png
369,127,379,157,1,with_mask,0.091473624,maksssksksss231.png
110,69,152,124,1,with_mask,0.99768746,maksssksksss330.png
344,57,414,155,1,with_mask,0.9971522,maksssksksss330.png
198,100,244,161,1,with_mask,0.99709713,maksssksksss330.png
30,124,67,171,1,with_mask,0.99648774,maksssksksss330.png
47,230,209,391,1,with_mask,0.99697876,maksssksksss746.png
139,122,390,325,1,with_mask,0.9859946,maksssksksss626.png
362,0,476,204,1,with_mask,0.995726,maksssksksss427.png
63,157,81,191,1,with_mask,0.9940176,maksssksksss427.png
149,138,217,298,1,with_mask,0.993848,maksssksksss427.png
260,146,284,193,1,with_mask,0.9926035,maksssksksss427.png
221,86,287,198,1,with_mask,0.9889015,maksssksksss326.png
243,284,308,343,1,with_mask,0.8426824,maksssksksss326.png
272,136,341,236,1,with_mask,0.47759587,maksssksksss326.png
55,2,94,31,2,without_mask,0.37364835,maksssksksss326.png
244,287,306,341,2,without_mask,0.056292173,maksssksksss326.png
340,119,385,192,1,with_mask,0.997405,maksssksksss131.png
152,56,198,134,1,with_mask,0.996908,maksssksksss131.png
78,109,133,198,1,with_mask,0.9956743,maksssksksss131.png
411,164,436,204,1,with_mask,0.99487865,maksssksksss131.png
298,219,352,306,2,without_mask,0.9936633,maksssksksss131.png
305,98,340,156,2,without_mask,0.98872524,maksssksksss131.png
283,133,310,177,2,without_mask,0.87040037,maksssksksss131.png
225,139,240,174,1,with_mask,0.1262354,maksssksksss131.png
226,138,240,169,2,without_mask,0.06794184,maksssksksss131.png
192,334,320,470,1,with_mask,0.9978142,maksssksksss798.png
216,79,350,208,1,with_mask,0.9620421,maksssksksss798.png
217,79,343,211,2,without_mask,0.20818846,maksssksksss798.png
273,86,347,192,1,with_mask,0.19425204,maksssksksss798.png
452,407,479,475,1,with_mask,0.13790436,maksssksksss798.png
28,66,64,104,1,with_mask,0.096296795,maksssksksss798.png
464,344,479,387,1,with_mask,0.066589415,maksssksksss798.png
114,81,182,152,2,without_mask,0.053921312,maksssksksss798.png
370,235,446,387,1,with_mask,0.998038,maksssksksss255.png
89,190,113,237,1,with_mask,0.9958264,maksssksksss255.png
203,270,233,334,1,with_mask,0.9951141,maksssksksss255.png
145,213,163,248,1,with_mask,0.99405104,maksssksksss255.png
322,224,338,259,1,with_mask,0.99369156,maksssksksss255.png
280,213,291,242,1,with_mask,0.99364215,maksssksksss255.png
180,193,205,241,1,with_mask,0.99234337,maksssksksss255.png
7,201,25,234,1,with_mask,0.99168336,maksssksksss255.png
120,159,128,174,1,with_mask,0.9899026,maksssksksss255.png
52,174,61,190,1,with_mask,0.9896059,maksssksksss255.png
306,187,314,207,1,with_mask,0.989205,maksssksksss255.png
152,167,159,181,1,with_mask,0.98550165,maksssksksss255.png
105,165,116,190,1,with_mask,0.9837748,maksssksksss255.png
37,243,55,280,1,with_mask,0.9800571,maksssksksss255.png
40,151,47,163,1,with_mask,0.97607666,maksssksksss255.png
1,164,9,179,1,with_mask,0.9735658,maksssksksss255.png
437,322,468,391,1,with_mask,0.9649357,maksssksksss255.png
141,181,147,198,1,with_mask,0.9610434,maksssksksss255.png
74,156,81,171,1,with_mask,0.9392812,maksssksksss255.png
210,176,217,189,1,with_mask,0.9135692,maksssksksss255.png
166,199,175,225,1,with_mask,0.8350485,maksssksksss255.png
15,154,21,166,1,with_mask,0.7632358,maksssksksss255.png
294,171,304,192,1,with_mask,0.7288336,maksssksksss255.png
46,170,51,185,1,with_mask,0.71849096,maksssksksss255.png
85,147,91,158,1,with_mask,0.70261294,maksssksksss255.png
71,190,80,214,1,with_mask,0.272953,maksssksksss255.png
60,151,67,165,2,without_mask,0.26282206,maksssksksss255.png
130,142,137,157,1,with_mask,0.12276043,maksssksksss255.png
29,162,35,176,1,with_mask,0.111971974,maksssksksss255.png
29,162,35,175,2,without_mask,0.10002467,maksssksksss255.png
294,170,303,190,2,without_mask,0.09250504,maksssksksss255.png
31,162,36,176,1,with_mask,0.07677145,maksssksksss255.png
10,164,15,176,1,with_mask,0.06954931,maksssksksss255.png
9,151,14,164,1,with_mask,0.066459574,maksssksksss255.png
120,144,128,157,1,with_mask,0.058930658,maksssksksss255.png
15,154,21,165,2,without_mask,0.052686498,maksssksksss255.png
366,45,391,88,1,with_mask,0.9978758,maksssksksss64.png
119,96,139,135,1,with_mask,0.997577,maksssksksss64.png
180,85,204,127,1,with_mask,0.99617296,maksssksksss64.png
422,67,427,78,1,with_mask,0.052016217,maksssksksss64.png
176,171,346,326,1,with_mask,0.99751604,maksssksksss608.png
74,255,221,401,1,with_mask,0.9973605,maksssksksss725.png
115,132,135,168,1,with_mask,0.9965565,maksssksksss13.png
351,125,374,170,1,with_mask,0.99622107,maksssksksss13.png
273,116,288,154,1,with_mask,0.9949492,maksssksksss13.png
420,109,445,150,1,with_mask,0.993808,maksssksksss13.png
33,117,54,151,1,with_mask,0.9937164,maksssksksss13.png
195,107,233,196,1,with_mask,0.84228927,maksssksksss13.png
236,85,248,121,2,without_mask,0.33885494,maksssksksss13.png
195,106,232,188,2,without_mask,0.27019048,maksssksksss13.png
456,194,465,213,1,with_mask,0.14824575,maksssksksss13.png
237,85,248,118,1,with_mask,0.06707271,maksssksksss13.png
36,104,52,127,2,without_mask,0.06140355,maksssksksss13.png
268,153,378,339,1,with_mask,0.99757785,maksssksksss138.png
60,250,153,431,1,with_mask,0.99729,maksssksksss138.png
171,299,259,421,1,with_mask,0.99544597,maksssksksss138.png
213,87,302,160,1,with_mask,0.99569255,maksssksksss212.png
3,159,205,358,1,with_mask,0.45178396,maksssksksss212.png
360,458,398,480,1,with_mask,0.3263605,maksssksksss212.png
